Item,,Purpose,Quantity,Price,Total(Taxes + Shipping),Link
144 LED/m Neopixel Strips,,Lighting for nighttime riding,1,Already Have,,https://www.amazon.com/dp/B0BDRCQWWQ?ref_=ppx_hzsearch_conn_dt_b_fed_asin_title_6&th=1
"4000W 10"" Hub Motor ",,Main drive for the board,1,KIT,KIT,https://spintend.com/collections/diy-onewheel-parts-group/products/diy-strong-power-onewheel-pack5
Ubox Alum 85V 150A Controller (Kit),,Speed controller for the motor,1,KIT,KIT,https://spintend.com/collections/diy-onewheel-parts-group/products/diy-strong-power-onewheel-pack5
120A Fuse (Kit),,Safety precaution,1,KIT,KIT,https://spintend.com/collections/diy-onewheel-parts-group/products/diy-strong-power-onewheel-pack5
21700 Battery Cells,,Power source,32,$4.00,$137,https://liionwholesale.com/products/eve-inr21700-40pl-70a-4000mah-flat-top-21700-battery-wholesale-discount?variant=42098183569477
Kapton Tape Roll,,Extra electric and heat resistant taping,1,UNIV,$9.99,https://www.amazon.com/ELEGOO-Polyimide-Temperature-Resistant-Multi-Sized/dp/B072Z92QZ2/ref=sr_1_1?crid=2RKZUAXE3A69Z&dib=eyJ2IjoiMSJ9.BR8b0rjsJ2DIJS7axSqrWQQV6aj6zzlNyNOqhrK7dVF0_RzcoBqcZgkxz-hrGkxsCdn1Rvjt3I10Fm7K54-EFG8BPK1Vy2azo8t2rjOT6mtbETypCUMRVfYpAlysjzSz_C_GzzPKobkJlAQMN62TAyRUF1lhuQOZxMO-5xdunLEECOaCu7v1KDtYqQC7D4keloO_UeqpPMDhHXg2gwwzfHcE32blfmEwymqxVHbQx1o.Cbe7S7FUggom5N05aQox9Km9min2H2Hgp8yAblvHoSo&dib_tag=se&keywords=kapton+tape&qid=1785206655&sprefix=kapton+tape%2Caps%2C257&sr=8-1
"1.5"" x 2"" Aluminum Box Tubes  (36 in)",,For the main structural frame,2,$31.26,$46.25,https://www.grainger.com/product/Aluminum-Rectangular-Tube-6ALV1?opr=ILOF
DC Barrel Jack Connector,,Charging port,1,Already Have,,
10A 22mm Latching Button,,On/Off switch,1,Already Have,,
Black PETG Filament Roll,,For some parts of the frame,1,UNIV,,
Nickel Strip Roll for Batteries,,Connections in battery pack,1,$6.29,$6.29,https://www.amazon.com/0-15x6x50mm-Soldering-Capacity-Lithium-Battery/dp/B07PQP55CM/ref=sr_1_6?crid=1RQLCZTXSHHY5&dib=eyJ2IjoiMSJ9.irJR3TSwGUkhoaZnMnetd3Brvvt1ymHkdU4DFnwyczrfcv_t8jzHWjnslMfEnggAI4ATQ_SxUneqmqoee-WYL47iJk_gDl68ePVeIVpgZNEVQSew6MGYsqBu4ry-X6eS4Shxr21tEeGCTlJpa57ye_Um6gEh1m4BcxBvQwHe7YlMkZn34BQh8uNe9f2V97Z7hxYKVrhjiWxiDenXNAJYEnMOGacPrugFPmTb4-nsAHLIeV3avd083ZShmIqSPyGrl2QOQSIGNiuq5Yz4GCAfbmJU5YAe0x3jSoK12fjegW4.7iVLjYSnXJTtAm8sbhbnPrYebL0db0dX_8GgCj81eMs&dib_tag=se&keywords=nickel%2Bstrips%2Bfor%2Bbattery%2Bwelding&qid=1785205885&sprefix=nickel%2Bstri%2Caps%2C164&sr=8-6&th=1
Heat Shrink for Battery Packs,,Safety proofing for battery pack,1,$7.99,$7.99,https://www.amazon.com/Battery-Shrink-18650-Lithium-Length/dp/B0CWDSZYYL/ref=sr_1_7?crid=2YX0L5D5Y7PPU&dib=eyJ2IjoiMSJ9.DQvFIcNXYNmBrsLiCoXb1BrRLBtueBmfWx3k0frB_zKMHTGUtHn1gNbgQaI8sPW-zGIZ2pi-3XDWARNGi6FwNO6slcnK3tKVwPMC8Xjb55ia0yQpHVc5APc4VKZTYoVNesC7uJj9xjZB4r1UtHg7-nvQHnvkX3yXELME6Y0MFUqxKY4rpq89R6Cu8UzHIKIQumzD8uvZy_YP9c1mCuyDAt4-6VNgqM2RmQdtiwdfLu8.hhKbSRm4f___cGB_tyG1p_hVdKfdYr1gN0MuciOgFzo&dib_tag=se&keywords=heat%2Bshrink%2Bfor%2Bbattery%2Bpack&qid=1785205758&sprefix=heat%2Bshrink%2Bfor%2Bbattery%2Caps%2C182&sr=8-7&th=1
Footpad Sensors (Kit),,Detecting when someone is riding,2,KIT,KIT,https://spintend.com/collections/diy-onewheel-parts-group/products/diy-strong-power-onewheel-pack5
Black Skateboard Grip Tape,,Extra foot grip when riding,1,$11.99,$11.99,https://www.amazon.com/ZUEXT-Skateboard-Waterproof-Rollerboard-Wheelchair/dp/B0755WLVT2/ref=sr_1_1_sspa?crid=1SFHQKC0XDZEG&dib=eyJ2IjoiMSJ9.4Tccw8vaRDSH-IH-RvAawG8pejGNaViMLh31RZhK-8nZe7U1DcSyx2wTVVXgiITnZ4UGPOv4_yx68xON4rHfFLiP8LwMcago4AwB5PGa_vUYwgPNqMkr6_741cEMhU4kgGvFWbct1GFEIj6S8Db3Pw7ySOTyV_rFJytPBAUztMB7R-XpJMEjnbdy3qnk_e_-XFXJNSlWp_JXbzNVel0qwZhkrcKskpbyDHzhLCIAomdSiv5mTz9_okR3AkI8eYxK6YyOHYGpbpHgtDKPyXTeWt0t-eNuKTkcPW3PhfoiuKs.bDXjq2IhUDqqfoTLCs9UuBna2hDS9TIqGljAX_QVg8s&dib_tag=se&keywords=black+skateboard+grip+tape&qid=1785205404&sprefix=black+skateboard+grip+tap%2Caps%2C182&sr=8-1-spons&sp_csd=d2lkZ2V0TmFtZT1zcF9hdGY&psc=1
16S BMS,,Battery pack charging/safety control,1,$29.99,$29.99,https://www.amazon.com/Bisida-16S-60V-30A-protections/dp/B0CC2M1Y6S/ref=sr_1_4?adgrpid=181740422330&dib=eyJ2IjoiMSJ9.p6QAfjkAuJjz0uO0yZxWzUO4A8Wj343H-nsSJb_-1Cv6v5zRoMhiC60QUj1uRDit3ek6b-F4yBctx1N7OWuK18WVPcvJo0B_yIBouZOsrcXiJapfx0LBF18vCIT0OCOCbwbe6PLAOrv2Z_rKslcilKmpWE9ABipVRR5pscWBkR-XtIPY_vQuMzVry-Ih36B4jegbhoS60Vtm69SIplNVFftjTyxtiCrnJmPa0xOfvQg.KnbepHEoKECkIRqRyiseNryF2QXzgViXbvZHndZDtxY&dib_tag=se&hvadid=779671901207&hvdev=c&hvexpln=0&hvlocphy=9010767&hvnetw=g&hvocijid=17463574740287526686--&hvqmt=e&hvrand=17463574740287526686&hvtargid=kwd-320380195394&hydadcr=8777_13604220_10471&keywords=16s%2Bbms&mcid=49bdc16473dc3822bc0c0e4032e08b3c&qid=1785010958&sr=8-4&th=1
2mm Aluminum Sheets,,For the electronics compartments,2,UNIV,$22.59,https://www.amazon.com/DAJAVE-Aluminum-Protective-Polished-Deburred/dp/B0DHVP74C5/ref=sr_1_8?crid=25W1ZN5FY5PHT&dib=eyJ2IjoiMSJ9.ebjgfbLyRo-AxmiJ0txj6iDuIeiwCTb4hL3f09MmRqMyiG4hw5EF_DvibQQgIh7Zp8Wwo0p2G2Vttlj9Q3lG7h1Om2aDyNrpV0lgaUHw-5J62XRLzIILa4KQU0emW8m5VMa3G_q69tNk0dRk6yel1ZH7PVdeFdCd1vfajmS4VHPAo_s4JFdgQQpG5zjEpRZ-tcwMrRsBviQjjJ6MQVdzpcCwr-TaqFI3LWSNKekhALU.4-laZxZu81gPRBf7gMBsxRnNXFqlAhXgEWE5tXJFqOs&dib_tag=se&keywords=2mm+aluminum+sheets&qid=1785206724&sprefix=2mm+aluminum+sheet%2Caps%2C161&sr=8-8
Assorted Metal Rivets Set,,Joining parts together,1,$27.89,$27.89,https://www.amazon.com/Combination-Decoration-Automotive-Industrial-Applications/dp/B0D9PXY2RV/ref=sr_1_1_sspa?crid=2DJUCKX2N6EWU&dib=eyJ2IjoiMSJ9.pPWIO8nOzlxQDFE-vJnHmYiOa3Dz1gcAkYCPogaL24H4M5g6KSA-r6FW_RrCgAAxD5aAKZmGfzRXee-Xl1NjoG8tvGY9b-M9RNVSPQmD5TQbhh0JyjHtnKpvfRQ4E72chC49LDuQcUtU5SgWvg1CMhWvqnmp-JU-OXtqUn1kA5B17Q7uGxGdlGCo8k45gGDGNDJDAxX_LnEO3g_ttHZkKHqnGeaq9izSlUUnLHCTca-gRTuTCNMLRQt8FXDmsrUYImz-xJKFRI1YWTTYAf9bn9dR2R_xh-s_XMgijIzp5JY.TMslbBYyoErbcQitRKnysky4QQfwiuMmT9Fc1NejfKw&dib_tag=se&keywords=rivet%2Bnut&qid=1785008824&s=industrial&sprefix=rivet%2Bnu%2Cindustrial%2C174&sr=1-1-spons&sp_csd=d2lkZ2V0TmFtZT1zcF9hdGY&th=1
Assorted Metric Screws Set,,Joining parts together,1,Already Have,,
Wooden Plates,,Footpads,1,UNIV,,
,,,,,,"*Some of the parts say ""Kit"" which means those parts are bought as a kit for $325 (~$390 plus shipping & taxes)"
Total Cost: ,690.28,,,,,"*Some of the parts say ""UNIV"" which means my university may already have those parts when I move in, but I'm not sure"
,,,,,,
"*There is a chance that this cost might go down since my university may have more parts than I realised, but I won't know until I move in. ",,,,,,
,,,,,,
,,,,,,
,,,,,,
,,,,,,
,,,,,,
,,,,,,
,,,,,,
,750.28,,,,,
,,,,,,
,,,,,,
,,,,,,
,,,,,,
,,,,,,
,,,,,,
,,,,,,
,,,,,,
,,,,,,
,,,,,,
,,,,,,
,,,,,,
,,,,,,
,,,,,,
,,,,,,
,,,,,,
,,,,,,
,,,,,,
,,,,,,
,,,,,,
,,,,,,
,,,,,,
,,,,,,
,,,,,,
,,,,,,
,,,,,,
,,,,,,
,,,,,,
,,,,,,
,,,,,,
,,,,,,
,,,,,,
,,,,,,
,,,,,,
,,,,,,
,,,,,,
,,,,,,
,,,,,,
,,,,,,
,,,,,,
,,,,,,
,,,,,,
,,,,,,
,,,,,,
,,,,,,
,,,,,,
,,,,,,
,,,,,,
,,,,,,
,,,,,,
,,,,,,
,,,,,,
,,,,,,
,,,,,,
,,,,,,
,,,,,,
,,,,,,
,,,,,,
,,,,,,
,,,,,,
,,,,,,
,,,,,,
,,,,,,
,,,,,,
,,,,,,
,,,,,,
,,,,,,
,,,,,,
,,,,,,
,,,,,,
,,,,,,
,,,,,,
,,,,,,
,,,,,,
,,,,,,
,,,,,,
,,,,,,
,,,,,,
,,,,,,
,,,,,,
,,,,,,
,,,,,,
,,,,,,
,,,,,,
,,,,,,
,,,,,,
,,,,,,
,,,,,,
,,,,,,
,,,,,,
,,,,,,
,,,,,,
,,,,,,
,,,,,,
,,,,,,
,,,,,,
,,,,,,
,,,,,,
,,,,,,
,,,,,,
,,,,,,
,,,,,,
,,,,,,
,,,,,,
,,,,,,
,,,,,,
,,,,,,
,,,,,,
,,,,,,
,,,,,,
,,,,,,
,,,,,,
,,,,,,
,,,,,,
,,,,,,
,,,,,,
,,,,,,
,,,,,,
,,,,,,
,,,,,,
,,,,,,
,,,,,,
,,,,,,
,,,,,,
,,,,,,
,,,,,,
,,,,,,
,,,,,,
,,,,,,
,,,,,,
,,,,,,
,,,,,,
,,,,,,
,,,,,,
,,,,,,
,,,,,,
,,,,,,
,,,,,,
,,,,,,
,,,,,,
,,,,,,
,,,,,,
,,,,,,
,,,,,,
,,,,,,
,,,,,,
,,,,,,
,,,,,,
,,,,,,
,,,,,,
,,,,,,
,,,,,,
,,,,,,
,,,,,,
,,,,,,
,,,,,,
,,,,,,
,,,,,,
,,,,,,
,,,,,,
,,,,,,
,,,,,,
,,,,,,
,,,,,,
,,,,,,
,,,,,,
,,,,,,
,,,,,,
,,,,,,
,,,,,,
,,,,,,
,,,,,,
,,,,,,
,,,,,,
,,,,,,
,,,,,,
,,,,,,
,,,,,,
,,,,,,
,,,,,,
,,,,,,
,,,,,,
,,,,,,
,,,,,,
,,,,,,
,,,,,,
,,,,,,
,,,,,,
,,,,,,
,,,,,,
,,,,,,
,,,,,,
,,,,,,
,,,,,,
,,,,,,
,,,,,,
,,,,,,
,,,,,,
,,,,,,
,,,,,,
,,,,,,
,,,,,,
,,,,,,
,,,,,,
,,,,,,
,,,,,,
,,,,,,
,,,,,,
,,,,,,
,,,,,,
,,,,,,
,,,,,,
,,,,,,
,,,,,,
,,,,,,
,,,,,,
,,,,,,
,,,,,,
,,,,,,
,,,,,,
,,,,,,
,,,,,,
,,,,,,
,,,,,,
,,,,,,
,,,,,,
,,,,,,
,,,,,,
,,,,,,
,,,,,,
,,,,,,
,,,,,,
,,,,,,
,,,,,,
,,,,,,
,,,,,,
,,,,,,
,,,,,,
,,,,,,
,,,,,,
,,,,,,
,,,,,,
,,,,,,
,,,,,,
,,,,,,
,,,,,,
,,,,,,
,,,,,,
,,,,,,
,,,,,,
,,,,,,
,,,,,,
,,,,,,
,,,,,,
,,,,,,
,,,,,,
,,,,,,
,,,,,,
,,,,,,
,,,,,,
,,,,,,
,,,,,,
,,,,,,
,,,,,,
,,,,,,
,,,,,,
,,,,,,
,,,,,,
,,,,,,
,,,,,,
,,,,,,
,,,,,,
,,,,,,
,,,,,,
,,,,,,
,,,,,,
,,,,,,
,,,,,,
,,,,,,
,,,,,,
,,,,,,
,,,,,,
,,,,,,
,,,,,,
,,,,,,
,,,,,,
,,,,,,
,,,,,,
,,,,,,
,,,,,,
,,,,,,
,,,,,,
,,,,,,
,,,,,,
,,,,,,
,,,,,,
,,,,,,
,,,,,,
,,,,,,
,,,,,,
,,,,,,
,,,,,,
,,,,,,
,,,,,,
,,,,,,
,,,,,,
,,,,,,
,,,,,,
,,,,,,
,,,,,,
,,,,,,
,,,,,,
,,,,,,
,,,,,,
,,,,,,
,,,,,,
,,,,,,
,,,,,,
,,,,,,
,,,,,,
,,,,,,
,,,,,,
,,,,,,
,,,,,,
,,,,,,
,,,,,,
,,,,,,
,,,,,,
,,,,,,
,,,,,,
,,,,,,
,,,,,,
,,,,,,
,,,,,,
,,,,,,
,,,,,,
,,,,,,
,,,,,,
,,,,,,
,,,,,,
,,,,,,
,,,,,,
,,,,,,
,,,,,,
,,,,,,
,,,,,,
,,,,,,
,,,,,,
,,,,,,
,,,,,,
,,,,,,
,,,,,,
,,,,,,
,,,,,,
,,,,,,
,,,,,,
,,,,,,
,,,,,,
,,,,,,
,,,,,,
,,,,,,
,,,,,,
,,,,,,
,,,,,,
,,,,,,
,,,,,,
,,,,,,
,,,,,,
,,,,,,
,,,,,,
,,,,,,
,,,,,,
,,,,,,
,,,,,,
,,,,,,
,,,,,,
,,,,,,
,,,,,,
,,,,,,
,,,,,,
,,,,,,
,,,,,,
,,,,,,
,,,,,,
,,,,,,
,,,,,,
,,,,,,
,,,,,,
,,,,,,
,,,,,,
,,,,,,
,,,,,,
,,,,,,
,,,,,,
,,,,,,
,,,,,,
,,,,,,
,,,,,,
,,,,,,
,,,,,,
,,,,,,
,,,,,,
,,,,,,
,,,,,,
,,,,,,
,,,,,,
,,,,,,
,,,,,,
,,,,,,
,,,,,,
,,,,,,
,,,,,,
,,,,,,
,,,,,,
,,,,,,
,,,,,,
,,,,,,
,,,,,,
,,,,,,
,,,,,,
,,,,,,
,,,,,,
,,,,,,
,,,,,,
,,,,,,
,,,,,,
,,,,,,
,,,,,,
,,,,,,
,,,,,,
,,,,,,
,,,,,,
,,,,,,
,,,,,,
,,,,,,
,,,,,,
,,,,,,
,,,,,,
,,,,,,
,,,,,,
,,,,,,
,,,,,,
,,,,,,
,,,,,,
,,,,,,
,,,,,,
,,,,,,
,,,,,,
,,,,,,
,,,,,,
,,,,,,
,,,,,,
,,,,,,
,,,,,,
,,,,,,
,,,,,,
,,,,,,
,,,,,,
,,,,,,
,,,,,,
,,,,,,
,,,,,,
,,,,,,
,,,,,,
,,,,,,
,,,,,,
,,,,,,
,,,,,,
,,,,,,
,,,,,,
,,,,,,
,,,,,,
,,,,,,
,,,,,,
,,,,,,
,,,,,,
,,,,,,
,,,,,,
,,,,,,
,,,,,,
,,,,,,
,,,,,,
,,,,,,
,,,,,,
,,,,,,
,,,,,,
,,,,,,
,,,,,,
,,,,,,
,,,,,,
,,,,,,
,,,,,,
,,,,,,
,,,,,,
,,,,,,
,,,,,,
,,,,,,
,,,,,,
,,,,,,
,,,,,,
,,,,,,
,,,,,,
,,,,,,
,,,,,,
,,,,,,
,,,,,,
,,,,,,
,,,,,,
,,,,,,
,,,,,,
,,,,,,
,,,,,,
,,,,,,
,,,,,,
,,,,,,
,,,,,,
,,,,,,
,,,,,,
,,,,,,
,,,,,,
,,,,,,
,,,,,,
,,,,,,
,,,,,,
,,,,,,
,,,,,,
,,,,,,
,,,,,,
,,,,,,
,,,,,,
,,,,,,
,,,,,,
,,,,,,
,,,,,,
,,,,,,
,,,,,,
,,,,,,
,,,,,,
,,,,,,
,,,,,,
,,,,,,
,,,,,,
,,,,,,
,,,,,,
,,,,,,
,,,,,,
,,,,,,
,,,,,,
,,,,,,
,,,,,,
,,,,,,
,,,,,,
,,,,,,
,,,,,,
,,,,,,
,,,,,,
,,,,,,
,,,,,,
,,,,,,
,,,,,,
,,,,,,
,,,,,,
,,,,,,
,,,,,,
,,,,,,
,,,,,,
,,,,,,
,,,,,,
,,,,,,
,,,,,,
,,,,,,
,,,,,,
,,,,,,
,,,,,,
,,,,,,
,,,,,,
,,,,,,
,,,,,,
,,,,,,
,,,,,,
,,,,,,
,,,,,,
,,,,,,
,,,,,,
,,,,,,
,,,,,,
,,,,,,
,,,,,,
,,,,,,
,,,,,,
,,,,,,
,,,,,,
,,,,,,
,,,,,,
,,,,,,
,,,,,,
,,,,,,
,,,,,,
,,,,,,
,,,,,,
,,,,,,CAD Document