,,,,,,,
,,,,,,,
,,,,,,,
,The VectorWheel (Custom Onewheel),,,,,,
,Difficulty:   Insane,,,,,,
,,,Incomplete,,"*Some of the parts say ""Kit"" which means those parts are bought as a kit for $385 (~$450 plus shipping & taxes)",,
,Parts List:,,,,"*Some of the parts say ""UNIV"" which means my university may already have those parts when I move in, so I do not need funding for those",,
,Item,,Purpose,Quantity,Price,Total(Taxes + Shipping),Link
,144 LED/m Neopixel Strips,,Lighting for nighttime riding,1,Already Have,,https://www.amazon.com/dp/B0BDRCQWWQ?ref_=ppx_hzsearch_conn_dt_b_fed_asin_title_6&th=1
,"4000W 10"" Hub Motor ",,Main drive for the board,1,KIT,KIT,https://spintend.com/collections/diy-onewheel-parts-group/products/diy-strong-power-onewheel-pack5
,Ubox Alum 85V 150A Controller (Kit),,Speed controller for the motor,1,KIT,KIT,https://spintend.com/collections/diy-onewheel-parts-group/products/diy-strong-power-onewheel-pack5
,120A Fuse (Kit),,Safety precaution,1,KIT,KIT,https://spintend.com/collections/diy-onewheel-parts-group/products/diy-strong-power-onewheel-pack5
,21700 Battery Cells,,Power source,32,$4.00,$137,https://liionwholesale.com/products/eve-inr21700-40pl-70a-4000mah-flat-top-21700-battery-wholesale-discount?variant=42098183569477
,Kapton Tape Roll,,Extra electric and heat resistant taping,1,UNIV,,
,"1.5"" x 2"" Aluminum Box Tubes  (36 in)",,For the main structural frame,2,$31.26,$46.25,https://www.grainger.com/product/Aluminum-Rectangular-Tube-6ALV1?opr=ILOF
,DC Barrel Jack Connector,,Charging port,1,Already Have,,
,10A 22mm Latching Button,,On/Off switch,1,Already Have,,
,Black PETG Filament Roll,,For some parts of the frame,1,UNIV,,
,Nickel Strip Roll for Batteries,,Connections in battery pack,1,$15.69,$15.69,https://www.amazon.com/0-15x27mm-Spacing-Soldering-Battery-Welding/dp/B0CRQF6B4X/ref=sr_1_3_sspa?crid=Y4ETV7WS10MM&dib=eyJ2IjoiMSJ9.J6Bbjg4xX2iFJ4oOYyEMOfv4Gc8veGw79mBy2TF9M_np9ZtqzdUTsB6hynWI3uUAVacEeNKsTE4wT6Xf3_J9nOD7mqLickEQ14vOJLam8mUUo7Kcitpctq1SK-u2uWLvDwKMjmyiiWajeI_tKM2mD-uBNksLO3ONI0SN5-GkWTK2CgdfBQJVh0MWP95l8BUSnbUqCJnUqHltXABFy_VyTMqfiBRpR80lrx7ounznJrwg-o-iEQ3icm5TIbTOs5xjDbdnvl-m2S_1dFV3tiNpznIUlb_RKxWWn78va-guHcU.r_xfH8_y59URuxsqhPCe3Z2-RNiEh6vAxEgK9B_Y-NM&dib_tag=se&keywords=nickel%2Bstrip%2Bfor%2Bbattery%2Bspot%2Bwelding%2Bwith%2Bspacing&nsdOptOutParam=true&qid=1784480792&sprefix=nickel%2Bstrip%2Bfor%2Bbattery%2Bspot%2Bwelding%2Bwith%2Bspacin%2Caps%2C166&sr=8-3-spons&sp_csd=d2lkZ2V0TmFtZT1zcF9hdGY&th=1
,Heat Shrink for Battery Packs,,Safety proofing for battery pack,1,$11.19,$11.19,https://www.amazon.com/200mm-Shrink-Lithium-Battery-Length/dp/B09SVFL33L/ref=sr_1_1_sspa?dib=eyJ2IjoiMSJ9.77nYUYKXEO2OGUMll_WlNKFy09OBDPeAe3Wrxw9urdjF6qQovSmNI-AbKRkt2KMsB011zJkPifPTHIC6K59XyQZEs2Z1Lm9lr36E8Rj6I-9spAAgou_eF8Z3s6IX-IO_7o22YfsSMRE9wYbEhlUEt7H1IRK_KnXEYThhOXo0zRwqOdKvn4PeFH6udL6Wi1oNljV5DBiUH9PpIhzxvfxcPNXT8oTL7a4egSj2bdtX1tI.rc1Tv58FB7xKxxm13rBvmVKGzOJjYaqm4K56PQD9fsU&dib_tag=se&keywords=battery+heat+shrink&qid=1784480837&sr=8-1-spons&sp_csd=d2lkZ2V0TmFtZT1zcF9hdGY&psc=1
,Footpad Sensors (Kit),,Detecting when someone is riding,2,KIT,KIT,https://spintend.com/collections/diy-onewheel-parts-group/products/diy-strong-power-onewheel-pack5
,Black Skateboard Grip Tape,,Extra foot grip when riding,1,$29.85,$29.85,https://www.amazon.com/COSIMIXO-Friction-Skateboard-Staircases-Anti-Slip/dp/B0CPYJVXDM/ref=sr_1_1_sspa?crid=17T0IDM2N8D81&dib=eyJ2IjoiMSJ9.xBIlyuduTGCWCOu3PRw0c88opcA46TLIev1oc6-WXJAdRrhvXyT5C_n-AL34wHuo6w-gKyl6cv30N4OrZwuvnCKlHBegqL4jwX9UGDaTY73cijoyxIsxnEts-iMbV2yOyO4tgnTe3DgmLQ3XLqHwmEl-K_jtn4WouMBkNMXh7A2SwfArMZNmXojtp18VdPfD7ANxfX-8VG9GJF0Du3mkj-desTQC11jyMeipCjOKLfFeTgK_v7dqT6odxwJolsordoFZc8OT6jSgXl6sHm3Hur5JNvmCT__UgcJKMN8tRFc.O47ClHCPDZbx76aX6wfL7QNVvqDLSzhsdQTlqQPwmcc&dib_tag=se&keywords=skateboard%2Bgrip%2Btape&qid=1784480861&sprefix=skateboared%2Bgrip%2Btap%2Caps%2C232&sr=8-1-spons&sp_csd=d2lkZ2V0TmFtZT1zcF9hdGY&th=1
,16S BMS,,Battery pack charging/safety control,1,$29.99,$29.99,https://www.amazon.com/Bisida-16S-60V-30A-protections/dp/B0CC2M1Y6S/ref=sr_1_4?adgrpid=181740422330&dib=eyJ2IjoiMSJ9.p6QAfjkAuJjz0uO0yZxWzUO4A8Wj343H-nsSJb_-1Cv6v5zRoMhiC60QUj1uRDit3ek6b-F4yBctx1N7OWuK18WVPcvJo0B_yIBouZOsrcXiJapfx0LBF18vCIT0OCOCbwbe6PLAOrv2Z_rKslcilKmpWE9ABipVRR5pscWBkR-XtIPY_vQuMzVry-Ih36B4jegbhoS60Vtm69SIplNVFftjTyxtiCrnJmPa0xOfvQg.KnbepHEoKECkIRqRyiseNryF2QXzgViXbvZHndZDtxY&dib_tag=se&hvadid=779671901207&hvdev=c&hvexpln=0&hvlocphy=9010767&hvnetw=g&hvocijid=17463574740287526686--&hvqmt=e&hvrand=17463574740287526686&hvtargid=kwd-320380195394&hydadcr=8777_13604220_10471&keywords=16s%2Bbms&mcid=49bdc16473dc3822bc0c0e4032e08b3c&qid=1785010958&sr=8-4&th=1
,2mm Aluminum Sheets,,For the electronics compartments,2,UNIV,,
,Assorted Metal Rivets Set,,Joining parts together,1,$27.89,$27.89,https://www.amazon.com/Combination-Decoration-Automotive-Industrial-Applications/dp/B0D9PXY2RV/ref=sr_1_1_sspa?crid=2DJUCKX2N6EWU&dib=eyJ2IjoiMSJ9.pPWIO8nOzlxQDFE-vJnHmYiOa3Dz1gcAkYCPogaL24H4M5g6KSA-r6FW_RrCgAAxD5aAKZmGfzRXee-Xl1NjoG8tvGY9b-M9RNVSPQmD5TQbhh0JyjHtnKpvfRQ4E72chC49LDuQcUtU5SgWvg1CMhWvqnmp-JU-OXtqUn1kA5B17Q7uGxGdlGCo8k45gGDGNDJDAxX_LnEO3g_ttHZkKHqnGeaq9izSlUUnLHCTca-gRTuTCNMLRQt8FXDmsrUYImz-xJKFRI1YWTTYAf9bn9dR2R_xh-s_XMgijIzp5JY.TMslbBYyoErbcQitRKnysky4QQfwiuMmT9Fc1NejfKw&dib_tag=se&keywords=rivet%2Bnut&qid=1785008824&s=industrial&sprefix=rivet%2Bnu%2Cindustrial%2C174&sr=1-1-spons&sp_csd=d2lkZ2V0TmFtZT1zcF9hdGY&th=1
,Assorted Metric Screws Set,,Joining parts together,1,Already Have,,
,Wooden Plates,,Footpads,1,UNIV,,
,,,,,,,
,Objectives:,,,,,,
,,,,,,,
,"● Works in any weather, especially snow/iced roads",,,,,,
,● Has at least 15 miles of range,,,,,,
,● Built through Macondo/Stardance,,,,,,
,● Must cost less than a commercial OneWheel,,,,,,
,● Fully Open Source,,,,,,
,,,,,,,
,Onshape Link,CAD Document,,,,,
,,,,,,,
,,748.16,,,,,
,,,,,,,
,Total Cost: ,748.16,,,,,
,,,,,,,
,"*There is a chance that this cost might go down since my university may have more parts than I realised, but I won't know until I move in. ",,,,,,
,,,,,,,
,,,,,,,
,,,,,,,
,,,,,,,
,,,,,,,
,,,,,,,
,,,,,,,
,,,,,,,
,,,,,,,
,,,,,,,
,,,,,,,
,,,,,,,
,,,,,,,
,,,,,,,
,,,,,,,
,,,,,,,
,,,,,,,
,,,,,,,
,,,,,,,
,,,,,,,
,,,,,,,
,,,,,,,
,,,,,,,
,,,,,,,
,,,,,,,
,,,,,,,
,,,,,,,
,,,,,,,
,,,,,,,
,,,,,,,
,,,,,,,
,,,,,,,
,,,,,,,
,,,,,,,
,,,,,,,
,,,,,,,
,,,,,,,
,,,,,,,
,,,,,,,
,,,,,,,
,,,,,,,
,,,,,,,
,,,,,,,
,,,,,,,
,,,,,,,
,,,,,,,
,,,,,,,
,,,,,,,
,,,,,,,
,,,,,,,
,,,,,,,
,,,,,,,
,,,,,,,
,,,,,,,
,,,,,,,
,,,,,,,
,,,,,,,
,,,,,,,
,,,,,,,
,,,,,,,
,,,,,,,
,,,,,,,
,,,,,,,
,,,,,,,
,,,,,,,
,,,,,,,
,,,,,,,
,,,,,,,
,,,,,,,
,,,,,,,
,,,,,,,
,,,,,,,
,,,,,,,
,,,,,,,
,,,,,,,
,,,,,,,
,,,,,,,
,,,,,,,
,,,,,,,
,,,,,,,
,,,,,,,
,,,,,,,
,,,,,,,
,,,,,,,
,,,,,,,
,,,,,,,
,,,,,,,
,,,,,,,
,,,,,,,
,,,,,,,
,,,,,,,
,,,,,,,
,,,,,,,
,,,,,,,
,,,,,,,
,,,,,,,
,,,,,,,
,,,,,,,
,,,,,,,
,,,,,,,
,,,,,,,
,,,,,,,
,,,,,,,
,,,,,,,
,,,,,,,
,,,,,,,
,,,,,,,
,,,,,,,
,,,,,,,
,,,,,,,
,,,,,,,
,,,,,,,
,,,,,,,
,,,,,,,
,,,,,,,
,,,,,,,
,,,,,,,
,,,,,,,
,,,,,,,
,,,,,,,
,,,,,,,
,,,,,,,
,,,,,,,
,,,,,,,
,,,,,,,
,,,,,,,
,,,,,,,
,,,,,,,
,,,,,,,
,,,,,,,
,,,,,,,
,,,,,,,
,,,,,,,
,,,,,,,
,,,,,,,
,,,,,,,
,,,,,,,
,,,,,,,
,,,,,,,
,,,,,,,
,,,,,,,
,,,,,,,
,,,,,,,
,,,,,,,
,,,,,,,
,,,,,,,
,,,,,,,
,,,,,,,
,,,,,,,
,,,,,,,
,,,,,,,
,,,,,,,
,,,,,,,
,,,,,,,
,,,,,,,
,,,,,,,
,,,,,,,
,,,,,,,
,,,,,,,
,,,,,,,
,,,,,,,
,,,,,,,
,,,,,,,
,,,,,,,
,,,,,,,
,,,,,,,
,,,,,,,
,,,,,,,
,,,,,,,
,,,,,,,
,,,,,,,
,,,,,,,
,,,,,,,
,,,,,,,
,,,,,,,
,,,,,,,
,,,,,,,
,,,,,,,
,,,,,,,
,,,,,,,
,,,,,,,
,,,,,,,
,,,,,,,
,,,,,,,
,,,,,,,
,,,,,,,
,,,,,,,
,,,,,,,
,,,,,,,
,,,,,,,
,,,,,,,
,,,,,,,
,,,,,,,
,,,,,,,
,,,,,,,
,,,,,,,
,,,,,,,
,,,,,,,
,,,,,,,
,,,,,,,
,,,,,,,
,,,,,,,
,,,,,,,
,,,,,,,
,,,,,,,
,,,,,,,
,,,,,,,
,,,,,,,
,,,,,,,
,,,,,,,
,,,,,,,
,,,,,,,
,,,,,,,
,,,,,,,
,,,,,,,
,,,,,,,
,,,,,,,
,,,,,,,
,,,,,,,
,,,,,,,
,,,,,,,
,,,,,,,
,,,,,,,
,,,,,,,
,,,,,,,
,,,,,,,
,,,,,,,
,,,,,,,
,,,,,,,
,,,,,,,
,,,,,,,
,,,,,,,
,,,,,,,
,,,,,,,
,,,,,,,
,,,,,,,
,,,,,,,
,,,,,,,
,,,,,,,
,,,,,,,
,,,,,,,
,,,,,,,
,,,,,,,
,,,,,,,
,,,,,,,
,,,,,,,
,,,,,,,
,,,,,,,
,,,,,,,
,,,,,,,
,,,,,,,
,,,,,,,
,,,,,,,
,,,,,,,
,,,,,,,
,,,,,,,
,,,,,,,
,,,,,,,
,,,,,,,
,,,,,,,
,,,,,,,
,,,,,,,
,,,,,,,
,,,,,,,
,,,,,,,
,,,,,,,
,,,,,,,
,,,,,,,
,,,,,,,
,,,,,,,
,,,,,,,
,,,,,,,
,,,,,,,
,,,,,,,
,,,,,,,
,,,,,,,
,,,,,,,
,,,,,,,
,,,,,,,
,,,,,,,
,,,,,,,
,,,,,,,
,,,,,,,
,,,,,,,
,,,,,,,
,,,,,,,
,,,,,,,
,,,,,,,
,,,,,,,
,,,,,,,
,,,,,,,
,,,,,,,
,,,,,,,
,,,,,,,
,,,,,,,
,,,,,,,
,,,,,,,
,,,,,,,
,,,,,,,
,,,,,,,
,,,,,,,
,,,,,,,
,,,,,,,
,,,,,,,
,,,,,,,
,,,,,,,
,,,,,,,
,,,,,,,
,,,,,,,
,,,,,,,
,,,,,,,
,,,,,,,
,,,,,,,
,,,,,,,
,,,,,,,
,,,,,,,
,,,,,,,
,,,,,,,
,,,,,,,
,,,,,,,
,,,,,,,
,,,,,,,
,,,,,,,
,,,,,,,
,,,,,,,
,,,,,,,
,,,,,,,
,,,,,,,
,,,,,,,
,,,,,,,
,,,,,,,
,,,,,,,
,,,,,,,
,,,,,,,
,,,,,,,
,,,,,,,
,,,,,,,
,,,,,,,
,,,,,,,
,,,,,,,
,,,,,,,
,,,,,,,
,,,,,,,
,,,,,,,
,,,,,,,
,,,,,,,
,,,,,,,
,,,,,,,
,,,,,,,
,,,,,,,
,,,,,,,
,,,,,,,
,,,,,,,
,,,,,,,
,,,,,,,
,,,,,,,
,,,,,,,
,,,,,,,
,,,,,,,
,,,,,,,
,,,,,,,
,,,,,,,
,,,,,,,
,,,,,,,
,,,,,,,
,,,,,,,
,,,,,,,
,,,,,,,
,,,,,,,
,,,,,,,
,,,,,,,
,,,,,,,
,,,,,,,
,,,,,,,
,,,,,,,
,,,,,,,
,,,,,,,
,,,,,,,
,,,,,,,
,,,,,,,
,,,,,,,
,,,,,,,
,,,,,,,
,,,,,,,
,,,,,,,
,,,,,,,
,,,,,,,
,,,,,,,
,,,,,,,
,,,,,,,
,,,,,,,
,,,,,,,
,,,,,,,
,,,,,,,
,,,,,,,
,,,,,,,
,,,,,,,
,,,,,,,
,,,,,,,
,,,,,,,
,,,,,,,
,,,,,,,
,,,,,,,
,,,,,,,
,,,,,,,
,,,,,,,
,,,,,,,
,,,,,,,
,,,,,,,
,,,,,,,
,,,,,,,
,,,,,,,
,,,,,,,
,,,,,,,
,,,,,,,
,,,,,,,
,,,,,,,
,,,,,,,
,,,,,,,
,,,,,,,
,,,,,,,
,,,,,,,
,,,,,,,
,,,,,,,
,,,,,,,
,,,,,,,
,,,,,,,
,,,,,,,
,,,,,,,
,,,,,,,
,,,,,,,
,,,,,,,
,,,,,,,
,,,,,,,
,,,,,,,
,,,,,,,
,,,,,,,
,,,,,,,
,,,,,,,
,,,,,,,
,,,,,,,
,,,,,,,
,,,,,,,
,,,,,,,
,,,,,,,
,,,,,,,
,,,,,,,
,,,,,,,
,,,,,,,
,,,,,,,
,,,,,,,
,,,,,,,
,,,,,,,
,,,,,,,
,,,,,,,
,,,,,,,
,,,,,,,
,,,,,,,
,,,,,,,
,,,,,,,
,,,,,,,
,,,,,,,
,,,,,,,
,,,,,,,
,,,,,,,
,,,,,,,
,,,,,,,
,,,,,,,
,,,,,,,
,,,,,,,
,,,,,,,
,,,,,,,
,,,,,,,
,,,,,,,
,,,,,,,
,,,,,,,
,,,,,,,
,,,,,,,
,,,,,,,
,,,,,,,
,,,,,,,
,,,,,,,
,,,,,,,
,,,,,,,
,,,,,,,
,,,,,,,
,,,,,,,
,,,,,,,
,,,,,,,
,,,,,,,
,,,,,,,
,,,,,,,
,,,,,,,
,,,,,,,
,,,,,,,
,,,,,,,
,,,,,,,
,,,,,,,
,,,,,,,
,,,,,,,
,,,,,,,
,,,,,,,
,,,,,,,
,,,,,,,
,,,,,,,
,,,,,,,
,,,,,,,
,,,,,,,
,,,,,,,
,,,,,,,
,,,,,,,
,,,,,,,
,,,,,,,
,,,,,,,
,,,,,,,
,,,,,,,
,,,,,,,
,,,,,,,
,,,,,,,
,,,,,,,
,,,,,,,
,,,,,,,
,,,,,,,
,,,,,,,
,,,,,,,
,,,,,,,
,,,,,,,
,,,,,,,
,,,,,,,
,,,,,,,
,,,,,,,
,,,,,,,
,,,,,,,
,,,,,,,
,,,,,,,
,,,,,,,
,,,,,,,
,,,,,,,
,,,,,,,
,,,,,,,
,,,,,,,
,,,,,,,
,,,,,,,
,,,,,,,
,,,,,,,
,,,,,,,
,,,,,,,
,,,,,,,
,,,,,,,
,,,,,,,
,,,,,,,
,,,,,,,
,,,,,,,
,,,,,,,
,,,,,,,
,,,,,,,
,,,,,,,
,,,,,,,
,,,,,,,
,,,,,,,
,,,,,,,
,,,,,,,
,,,,,,,
,,,,,,,
,,,,,,,
,,,,,,,
,,,,,,,
,,,,,,,
,,,,,,,
,,,,,,,
,,,,,,,
,,,,,,,
,,,,,,,
,,,,,,,
,,,,,,,
,,,,,,,
,,,,,,,
,,,,,,,
,,,,,,,
,,,,,,,
,,,,,,,
,,,,,,,
,,,,,,,
,,,,,,,
,,,,,,,
,,,,,,,
,,,,,,,
,,,,,,,
,,,,,,,
,,,,,,,
,,,,,,,
,,,,,,,
,,,,,,,
,,,,,,,
,,,,,,,
,,,,,,,
,,,,,,,CAD Document